"0","# Select all variables except those between year and hour"
"0","# Add the month column from time_hour"
"0","weather_filtered <- weather |>"
"0","  select(-(year:hour)) |>"
"0","  mutate(month = month(time_hour))"
"0",""
"0","# Visualization a"
"0","weather_filtered |>"
"0","  mutate(month = factor(month, labels = month.name)) |> # Convert month numbers to full names"
"0","  ggplot(aes(x = temp)) +"
"0","  geom_histogram(binwidth = 5, fill = ""steelblue"", color = ""white"") +"
"0","  facet_wrap(~ month, ncol = 3) +"
"0","  labs(title = ""Temperature Distribution by Month"", x = ""Temperature (Â°F)"", y = ""Count"") +"
"0","  theme_minimal()"
